{
  "total_samples": 580,
  "compiled_successfully": 535,
  "correct_state_count": 31,
  "correct_samples": [
    36,
    46,
    65,
    103,
    120,
    127,
    131,
    136,
    209,
    216,
    221,
    224,
    235,
    243,
    244,
    281,
    282,
    288,
    311,
    330,
    340,
    372,
    379,
    422,
    427,
    464,
    483,
    489,
    520,
    548,
    572
  ],
  "relative_entropy_threshold": 0.1,
  "samples_below_entropy_threshold": {
    "count": 119,
    "sample_indexes": [
      2,
      8,
      17,
      25,
      31,
      43,
      52,
      61,
      65,
      68,
      72,
      77,
      80,
      81,
      82,
      83,
      87,
      97,
      104,
      110,
      114,
      125,
      127,
      128,
      132,
      144,
      145,
      146,
      148,
      150,
      154,
      161,
      166,
      181,
      184,
      189,
      191,
      192,
      193,
      197,
      199,
      212,
      217,
      222,
      234,
      239,
      242,
      243,
      244,
      245,
      249,
      252,
      254,
      255,
      256,
      257,
      259,
      260,
      262,
      264,
      271,
      282,
      290,
      294,
      297,
      299,
      307,
      309,
      316,
      317,
      322,
      329,
      336,
      339,
      340,
      341,
      361,
      369,
      376,
      383,
      384,
      397,
      404,
      410,
      416,
      422,
      430,
      431,
      432,
      433,
      444,
      446,
      453,
      466,
      472,
      477,
      479,
      480,
      487,
      495,
      497,
      507,
      512,
      525,
      533,
      535,
      536,
      537,
      538,
      542,
      544,
      550,
      551,
      555,
      559,
      562,
      563,
      568,
      579
    ]
  },
  "average_relative_entropy": 12.403366433364468,
  "median_relative_entropy": 4.661423091718718,
  "std_relative_entropy": 21.425117546548172,
  "average_random_initial_relative_entropy": 21.396697771613734,
  "average_relative_entropy_ratio": 0.579686013503429,
  "average_expectation_value": -3.3805773351506505,
  "median_expectation_value": -1.0025279214179037,
  "std_expectation_value": 9.451633445474442,
  "average_solution_expectation_value": -3.8824509313304256,
  "average_random_expectation_value": -0.0074162949105636596,
  "success_rate_expectation_value": 25.344827586206897
}