{
  "total_samples": 580,
  "compiled_successfully": 459,
  "correct_state_count": 27,
  "correct_samples": [
    36,
    40,
    41,
    65,
    103,
    120,
    127,
    136,
    191,
    216,
    221,
    224,
    235,
    243,
    244,
    281,
    282,
    330,
    356,
    397,
    427,
    463,
    464,
    474,
    483,
    489,
    572
  ],
  "relative_entropy_threshold": 0.1,
  "samples_below_entropy_threshold": {
    "count": 85,
    "sample_indexes": [
      8,
      31,
      40,
      43,
      52,
      61,
      65,
      68,
      77,
      80,
      83,
      87,
      110,
      119,
      125,
      128,
      132,
      145,
      146,
      154,
      157,
      161,
      166,
      174,
      184,
      189,
      193,
      197,
      206,
      208,
      212,
      218,
      225,
      234,
      239,
      242,
      243,
      244,
      245,
      246,
      249,
      252,
      254,
      257,
      261,
      262,
      264,
      271,
      282,
      290,
      294,
      297,
      317,
      328,
      329,
      336,
      358,
      369,
      376,
      384,
      404,
      410,
      426,
      430,
      446,
      453,
      462,
      463,
      466,
      472,
      480,
      491,
      494,
      495,
      511,
      536,
      537,
      538,
      543,
      550,
      555,
      559,
      562,
      563,
      568
    ]
  },
  "average_relative_entropy": 12.578624961399658,
  "median_relative_entropy": 4.776414020453329,
  "std_relative_entropy": 19.5439848110105,
  "average_random_initial_relative_entropy": 21.116486567852288,
  "average_relative_entropy_ratio": 0.5956779278115963,
  "average_expectation_value": -2.844774447612308,
  "median_expectation_value": -0.8688240997744875,
  "std_expectation_value": 9.329019531196854,
  "average_solution_expectation_value": -3.4664904352936543,
  "average_random_expectation_value": 0.0009593211396330026,
  "success_rate_expectation_value": 17.93103448275862
}